country,value
World,14200390.645778006
Asia Pacific,9309471.851029214
Americas,3646007.4716192954
Europe,1148213.8977591966
Japan,918839.3751972164
