Commodity,Start Value,End Value,CAGR (%)
Soybean,175775.0,427681.0,3.6207990476855523
Corn,591538.0,1263660.0,3.0828137656304655
Sugar,130764.0,189318.0,1.4911852620052901
Wheat,582813.0,808551.0,1.3181574571896837
Rice,399325.0,541273.0,1.2240569115617106
Cattle,285331.0,283790.0,-0.02165977439547717
