commodity,mean,median,std,min,max,count
Cattle,285627.8076923077,285602.0,3960.372962428975,277186.0,291981.0,26
Corn,942031.8076923077,965773.5,224718.5625384817,591538.0,1263660.0,26
Rice,465467.3461538461,476390.5,48431.70954896579,377979.0,541508.0,26
Soybean,290743.53846153844,276121.5,78837.64400651798,175775.0,427681.0,26
Sugar,165182.46153846153,169351.0,17597.81684012143,130764.0,194222.0,26
Wheat,694980.6153846154,708437.5,80823.55309986165,556088.0,808551.0,26
